filename,emotion
gVZDbfgrtZGbyyls.mp4,6
wknrvJcAhCRKONBl.mp4,6
JEvrOyaZqxfeZygN.mp4,6
MZDDIEDmGBsAOhyb.mp4,6
xNZUdycAftNdROFH.mp4,6
ETYdHkWZMWDtwysl.mp4,6
SBLhBXbwAGARmBUr.mp4,6
mxTcnZLZuzTupEtx.mp4,6
YQPJPubkOIWpxVJF.mp4,6
ZkWYeItXUCNjJBoM.mp4,6
iQIQNWUySTMWEbPW.mp4,6
ULetdiKMvayihzoA.mp4,6
GuZArELlIcNiIPfm.mp4,3
UGiBeoRnamOBrBvh.mp4,3
eueQqrXnJjcMhLRu.mp4,3
tiKTGiansGWeSvFr.mp4,3
tnIEEcWgEKnsTvBX.mp4,3
KGVqBaTSYbPmZUFh.mp4,3
HipGqhvaGKsgFKRW.mp4,3
iqJyIVMNehrDLnrB.mp4,3
fVVfFRGBaCdeqwsM.mp4,3
FzNnhOlsqYMupcnt.mp4,3
pFtcywZlAoEeAasW.mp4,3
LOZTgnDsTTDMerBB.mp4,3
pUBsNVYDCSDhsbig.mp4,3
AazOpsowGFKoteUW.mp4,3
AaNPkSWFpbenzOqe.mp4,3
IOXHlnqCdwVsLXtc.mp4,3
mBQAMNWyqJOsvpEV.mp4,3
peOLaRnchVIRlmRk.mp4,3
LIXiygCKLnMvgCUj.mp4,3
XBxlloBhDymamqij.mp4,3
csXEgkPuJyFCcwKh.mp4,3
dOcYcrPrATRWCwlG.mp4,3
gXEwIIakIoksxqdU.mp4,3
miNCwpEjtiIlldEu.mp4,3
IqsbrKVqthXPaCiz.mp4,3
tkelbAQxDgwCUYmR.mp4,3
HFXSfGyLgzkPDJEH.mp4,3
NIkMjprnDlxUOSRv.mp4,3
cHwZTRgINHorDQrw.mp4,3
vpcfttbeEZNhoJHK.mp4,3
RLQnwJMlTMHNUFUL.mp4,3
eIVUEUpJaqkzaiYg.mp4,3
RUGhtPfhsXCXzWuz.mp4,3
